program,age,study_hours,social_media_hours,sleep_hours,satisfaction,grade,passed
Economics,26,19.9,3.4,5.9,5,7.1,True
Communication,24,7.6,4.2,6.1,1,2.9,False
Business,22,18.0,1.6,8.6,2,7.2,True
Business,21,12.0,1.8,6.6,2,5.5,True
Business,25,7.7,4.5,6.3,2,2.4,False
Psychology,19,23.1,4.0,8.2,3,7.1,True
Other,24,15.1,4.1,7.0,3,4.7,False
Economics,23,5.7,3.3,5.9,2,2.4,False
Communication,22,8.6,2.0,7.0,3,5.1,False
Economics,20,11.6,1.7,5.7,3,4.5,False
Other,21,10.5,4.1,6.2,1,3.4,False
Other,21,7.3,4.3,7.1,3,4.2,False
Communication,19,18.2,1.7,4.7,4,6.9,True
Psychology,23,8.5,2.1,7.6,3,4.4,False
Business,23,10.6,2.9,7.2,4,7.1,True
Psychology,22,23.2,4.0,7.7,3,6.6,True
Business,26,7.3,2.6,6.6,1,5.4,False
Business,22,10.5,2.0,7.4,3,5.3,False
Economics,19,12.3,4.2,6.1,4,5.3,False
Economics,19,6.0,3.7,6.1,1,2.6,False
Business,21,17.2,2.2,7.1,3,7.7,True
Business,20,12.1,2.2,7.0,3,4.3,False
Communication,25,18.4,4.3,7.0,5,6.9,True
Economics,25,13.5,1.5,8.2,4,6.5,True
Business,26,6.9,2.6,6.7,2,4.6,False
Business,23,5.8,3.5,7.4,2,2.8,False
Economics,22,12.9,3.2,7.3,3,5.6,True
Business,26,6.7,4.1,7.1,2,2.5,False
Business,24,10.7,0.9,7.4,4,5.1,False
Economics,25,8.2,3.0,5.4,2,3.3,False
Economics,20,13.9,3.4,6.5,2,4.5,False
Psychology,20,6.2,3.4,8.0,2,3.2,False
Psychology,19,13.5,3.7,6.7,2,3.8,False
Communication,22,7.5,1.6,7.6,2,4.4,False
Business,25,14.7,4.7,7.4,3,6.6,True
Other,23,24.2,3.5,4.2,5,9.8,True
Business,23,6.9,3.7,5.8,2,2.2,False
Business,19,7.4,2.3,6.4,2,3.1,False
Other,20,18.5,3.2,6.4,3,6.6,True
Business,19,14.5,4.6,6.6,4,5.4,False
Communication,21,12.9,3.0,6.6,2,3.8,False
Business,25,8.4,3.2,6.2,2,1.4,False
Economics,24,11.5,3.4,6.4,3,4.8,False
Communication,25,8.9,1.0,5.2,3,5.7,True
Economics,21,13.5,2.8,8.7,3,7.3,True
Business,22,10.3,3.8,8.2,3,4.6,False
Business,26,9.6,2.4,7.8,3,6.2,True
Economics,24,12.4,2.9,6.9,4,4.9,False
Communication,24,15.4,3.0,6.2,2,4.2,False
Business,23,10.5,1.1,9.2,4,5.8,True
Communication,19,11.5,4.0,6.1,4,5.2,False
Business,24,16.1,1.4,8.3,4,7.0,True
Business,21,15.0,3.5,7.3,4,5.0,False
Business,21,12.6,2.8,6.2,3,5.0,False
Business,24,11.4,2.6,6.2,3,5.0,False
Communication,22,12.5,3.1,6.6,3,5.0,False
Business,20,6.0,3.9,6.4,1,3.2,False
Business,26,16.3,4.0,5.7,3,5.7,True
Economics,22,12.5,2.5,7.4,3,6.4,True
Psychology,25,16.6,2.8,6.1,2,6.0,True
Business,22,4.6,2.0,7.7,2,3.5,False
Business,21,4.5,1.2,6.8,3,4.0,False
Business,25,5.7,4.1,7.1,2,3.6,False
Economics,26,8.1,1.7,7.1,2,2.7,False
Other,21,8.5,2.1,6.6,4,5.4,False
Other,22,11.6,3.5,6.9,4,6.3,True
Economics,23,13.8,1.4,7.1,3,6.0,True
Business,24,11.8,3.6,9.1,4,5.9,True
Communication,23,12.2,2.0,5.8,4,4.2,False
Business,24,9.6,1.6,6.3,1,5.3,False
Business,25,18.0,2.3,6.6,4,5.7,True
Business,22,12.7,2.0,5.8,2,5.3,False
Psychology,25,10.1,3.3,5.8,4,4.6,False
Other,25,13.5,4.7,5.6,3,3.5,False
Psychology,26,10.0,3.8,6.9,2,3.0,False
Communication,22,11.9,3.6,6.5,2,4.2,False
Economics,25,15.6,2.3,7.1,3,5.6,True
Other,26,9.6,2.7,5.7,3,3.7,False
Economics,26,8.0,3.1,6.1,2,2.5,False
Economics,26,11.9,2.9,7.8,4,6.3,True
Economics,22,16.3,3.1,7.6,2,5.9,True
Communication,26,7.6,1.5,5.5,2,4.4,False
Business,22,17.8,5.1,7.7,3,4.2,False
Economics,26,9.7,1.4,6.5,2,4.2,False
Economics,25,15.7,2.8,5.9,4,7.2,True
Communication,20,9.4,3.9,7.6,2,3.3,False
Business,20,16.3,2.1,7.8,5,6.9,True
Communication,24,15.1,4.2,4.7,4,6.7,True
Business,20,10.1,1.3,7.7,2,5.3,False
Psychology,24,11.3,2.1,6.5,3,6.4,True
Other,25,12.9,0.2,6.5,3,5.1,False
Economics,23,6.1,4.2,6.6,2,2.4,False
Other,25,8.0,1.5,7.9,4,4.7,False
Psychology,23,9.5,2.1,8.1,3,4.4,False
Communication,23,18.2,3.9,7.2,5,6.6,True
Communication,20,5.9,3.3,7.6,3,1.7,False
Business,23,15.1,4.2,8.8,2,4.8,False
Other,20,13.7,3.7,6.9,4,6.4,True
Economics,23,5.9,4.0,6.0,3,2.9,False
Business,25,11.4,2.4,7.4,3,5.6,True
Psychology,25,14.1,2.8,7.5,4,7.4,True
Economics,20,12.7,3.8,6.8,2,3.0,False
Communication,25,19.1,3.8,6.7,2,3.4,False
Business,24,13.1,4.1,8.8,4,7.1,True
Psychology,20,10.3,2.0,6.7,3,3.4,False
Economics,19,15.3,1.6,6.1,3,6.1,True
Communication,24,11.4,1.4,4.5,2,3.0,False
Psychology,22,7.4,2.4,7.6,3,1.6,False
Communication,22,9.1,2.8,8.1,3,4.5,False
Business,19,12.1,1.5,5.9,3,5.6,True
Communication,20,5.7,2.7,7.4,3,2.8,False
Business,24,9.6,3.7,6.6,2,1.4,False
Communication,24,10.9,4.1,7.0,3,4.6,False
Economics,21,12.2,2.2,6.4,4,7.0,True
Economics,21,14.7,3.6,6.9,4,3.6,False
Economics,22,5.8,1.4,7.7,2,4.9,False
Economics,21,6.0,2.1,6.5,1,3.9,False
Business,21,8.4,3.1,6.3,3,1.9,False
Economics,21,12.8,2.1,6.0,4,6.1,True
Business,23,10.6,2.0,7.9,2,5.4,False
Communication,23,5.0,3.2,6.2,3,2.7,False
Psychology,24,11.7,1.7,7.5,4,6.7,True
Business,20,18.8,3.1,5.8,3,6.3,True
Business,20,9.1,2.8,5.0,3,4.9,False
Business,21,10.0,3.5,6.4,5,6.7,True
Economics,25,13.1,3.8,7.1,4,5.2,False
Communication,25,16.9,3.1,7.9,4,6.8,True
Psychology,25,10.5,2.3,7.6,3,4.4,False
Business,22,12.6,4.1,7.2,3,6.3,True
Business,26,10.7,3.2,4.7,2,2.6,False
Other,23,17.6,1.9,7.4,3,6.3,True
Communication,22,23.0,3.1,5.6,3,7.2,True
Communication,23,12.8,2.2,6.3,3,5.0,False
Psychology,25,11.3,0.2,8.5,4,5.5,True
Economics,22,14.3,1.8,7.8,4,7.1,True
Communication,19,17.7,2.5,6.0,3,5.9,True
Communication,21,11.0,2.4,6.6,1,2.6,False
Psychology,26,4.0,1.1,7.6,4,5.0,False
Business,22,8.9,2.5,6.8,3,6.0,True
Communication,20,9.3,3.4,6.7,1,3.5,False
Communication,26,10.4,1.6,5.9,2,6.1,True
Business,21,25.5,3.2,7.4,4,7.8,True
Economics,21,16.5,0.5,7.5,4,6.1,True
Business,19,9.7,3.5,6.2,3,3.0,False
Other,26,7.8,2.2,5.1,4,5.2,False
Economics,25,19.9,1.3,8.6,4,9.4,True
Economics,22,13.7,4.2,6.3,4,5.4,False
Business,22,6.5,3.5,7.3,2,2.5,False
Economics,21,8.4,4.1,6.2,3,4.2,False
Economics,26,23.6,3.3,6.3,5,6.4,True
Other,26,11.1,3.3,7.8,3,5.5,True
Business,20,13.4,2.5,6.7,2,4.8,False
Business,20,11.6,3.4,7.6,4,4.3,False
Economics,26,9.9,2.8,7.7,3,4.2,False
Communication,20,8.5,2.1,6.5,2,2.2,False
Economics,21,17.6,2.7,7.2,2,4.8,False
Psychology,25,19.6,1.4,7.6,5,7.4,True
Business,20,18.6,2.9,8.1,4,5.9,True
Economics,25,14.9,3.4,6.7,4,6.3,True
Psychology,24,16.1,3.1,7.0,5,7.1,True
Business,20,23.1,3.6,6.1,3,5.7,True
Business,19,7.3,2.5,7.6,3,2.6,False
Economics,20,13.4,3.0,7.0,4,5.1,False
Psychology,23,8.6,2.9,5.8,5,5.7,True
Business,26,20.2,5.2,6.6,2,5.3,False
Economics,22,11.0,1.4,6.8,2,5.7,True
Other,20,19.4,5.3,6.4,3,4.2,False
Economics,19,4.7,2.0,6.3,2,2.3,False
Economics,20,7.5,2.5,5.5,2,4.0,False
Business,22,13.6,3.2,7.0,3,5.0,False
Economics,22,9.8,3.6,6.6,4,4.6,False
Business,21,10.2,2.9,7.8,4,4.9,False
Business,23,7.5,3.2,6.9,3,3.7,False
Other,20,19.5,4.6,7.7,4,6.4,True
Other,21,19.5,6.0,5.9,4,6.8,True
Economics,26,13.3,3.4,7.3,3,5.1,False
Psychology,23,10.3,3.7,7.6,5,5.3,False
Economics,23,8.7,2.8,7.6,2,4.1,False
Psychology,23,16.8,4.9,6.7,3,5.5,True
Economics,20,8.0,2.8,6.2,2,2.7,False
Communication,23,10.7,3.5,8.5,3,2.8,False
Communication,25,16.4,1.7,6.8,3,6.0,True
Psychology,19,14.0,0.2,5.9,4,6.2,True
Other,21,16.0,5.6,6.8,3,4.5,False
Economics,21,17.8,4.2,7.3,3,6.6,True
Communication,23,13.1,4.0,6.3,1,3.8,False
Communication,26,9.9,1.8,7.3,2,3.5,False
Economics,22,11.6,1.0,7.8,4,4.3,False
Communication,19,14.5,2.6,6.9,3,6.3,True
Business,24,8.1,3.1,7.9,1,3.3,False
Economics,21,15.1,3.8,6.9,3,5.4,False
Business,24,10.4,2.9,6.6,1,3.0,False
Business,20,10.9,4.4,8.4,1,3.7,False
Business,21,8.0,3.3,7.5,2,3.9,False
Communication,22,17.7,3.3,7.1,3,7.3,True
Business,25,11.9,4.3,5.4,3,2.9,False
Other,23,5.7,2.1,5.7,2,1.8,False
Economics,23,4.8,3.4,5.5,3,2.5,False
Economics,24,10.9,2.3,6.9,3,5.0,False
Business,23,11.0,2.1,7.0,3,4.5,False
Psychology,26,7.1,4.7,7.3,2,4.4,False
Communication,20,11.4,4.2,7.9,2,2.9,False
Economics,24,10.2,3.6,5.6,1,3.0,False
Communication,21,7.4,4.5,5.8,2,2.8,False
Psychology,23,3.2,3.4,6.2,2,1.4,False
Psychology,22,8.5,4.5,7.4,4,3.9,False
Economics,26,12.4,1.9,7.2,4,5.4,False
Economics,19,12.1,2.8,6.0,3,4.4,False
Psychology,23,19.2,3.4,6.3,3,8.7,True
Psychology,19,18.4,1.7,7.3,4,6.0,True
Economics,21,13.2,2.1,7.0,2,5.2,False
Business,24,16.8,1.5,7.9,3,7.4,True
Economics,20,22.7,3.7,6.2,3,6.3,True
Business,21,9.0,2.4,6.9,3,4.4,False
Economics,24,8.4,3.3,6.1,3,4.4,False
Economics,24,18.6,3.6,8.0,3,6.8,True
Economics,24,16.1,2.7,7.9,3,7.0,True
Other,19,18.1,3.0,7.4,3,6.1,True
Business,21,12.3,3.1,7.9,2,4.9,False
Economics,24,16.4,3.4,8.2,5,8.1,True
Business,25,21.4,4.5,8.3,3,7.6,True
Business,20,7.5,1.6,8.5,3,5.7,True
Communication,22,15.1,3.0,6.3,4,4.8,False
Business,25,27.3,1.5,6.3,4,8.8,True
Business,19,18.2,4.7,8.1,4,7.3,True
Business,26,12.3,0.8,6.6,3,5.7,True
Business,22,8.3,3.1,5.4,2,2.2,False
Other,24,20.5,2.4,6.6,2,6.2,True
Business,22,14.3,2.3,7.9,3,5.9,True
Psychology,22,4.4,3.8,6.6,2,4.1,False
Economics,22,9.6,3.6,7.7,3,4.8,False
Economics,19,17.5,1.8,7.3,2,6.0,True
Psychology,26,8.7,3.5,5.8,3,3.5,False
Business,25,17.3,3.3,7.4,4,6.3,True
Business,26,7.5,2.1,7.0,3,2.4,False
Business,23,12.5,1.2,6.5,3,5.5,True
Economics,26,14.6,3.9,5.7,2,4.5,False
Communication,19,4.3,3.8,8.4,3,2.9,False
Business,21,13.9,3.5,6.2,2,4.0,False
Business,23,4.5,2.3,5.2,2,3.1,False
Psychology,22,13.1,4.4,7.7,3,4.5,False
Other,19,18.0,7.0,6.6,2,4.1,False
Other,19,9.1,3.1,8.1,5,6.3,True
Business,22,13.2,3.6,6.9,4,4.6,False
Economics,25,10.6,2.0,7.0,1,3.5,False
Economics,23,16.0,2.0,7.5,2,7.6,True
Business,21,14.9,5.0,7.1,3,6.3,True
Economics,25,18.3,5.6,7.1,3,4.6,False
Economics,26,13.9,2.6,8.0,4,5.4,False
Economics,21,9.0,2.1,6.2,4,4.0,False
Other,26,8.5,1.8,7.5,3,4.2,False
Economics,20,3.9,2.2,7.3,1,1.8,False
Economics,23,10.0,3.0,5.6,2,2.9,False
Other,21,11.3,1.4,8.0,3,7.7,True
Communication,24,12.2,2.1,7.7,2,4.8,False
Communication,19,10.8,4.0,8.4,1,4.1,False
Business,19,5.0,2.7,6.6,2,3.9,False
Other,26,8.7,2.0,6.0,2,3.6,False
Other,20,12.6,1.5,9.8,3,5.7,True
Business,26,11.1,4.2,6.1,4,2.9,False
Other,24,2.9,1.7,6.3,2,3.4,False
Business,23,7.8,2.7,7.5,3,4.3,False
Business,24,8.1,4.1,6.6,3,4.5,False
Psychology,19,11.1,3.5,7.4,4,4.2,False
Communication,19,15.5,3.2,5.8,3,6.6,True
Economics,19,15.7,3.3,5.5,4,5.4,False
Business,19,7.0,1.8,6.5,2,3.4,False
Economics,26,23.8,2.0,7.6,4,8.8,True
Psychology,22,18.5,2.3,7.0,4,7.1,True
Business,19,20.6,0.2,8.1,3,8.6,True
Economics,21,4.0,2.4,6.8,2,2.3,False
Other,20,14.4,2.8,7.2,3,5.5,True
Other,26,13.8,2.8,6.2,3,5.0,False
Communication,25,10.1,2.8,5.7,3,4.8,False
Business,19,18.9,3.1,5.9,5,7.5,True
Business,21,11.2,3.2,6.3,5,5.2,False
Economics,24,13.6,4.9,8.8,2,5.9,True
Economics,22,10.7,3.1,5.8,3,5.3,False
Business,20,9.8,3.9,6.2,3,5.0,False
Business,22,4.7,2.2,8.2,3,3.3,False
Psychology,22,9.5,3.3,6.4,3,2.8,False
Economics,24,5.9,3.3,7.5,1,3.6,False
Economics,23,7.6,2.6,5.0,2,4.8,False
Communication,22,16.7,0.9,6.1,4,5.3,False
Psychology,23,13.5,1.3,7.5,4,5.0,False
Psychology,25,14.3,3.4,5.5,5,4.9,False
Communication,19,13.3,2.9,7.2,4,4.7,False
Other,22,13.3,2.6,7.0,2,6.3,True
Business,25,13.4,2.1,6.5,4,5.5,True
Psychology,21,6.6,3.0,6.8,2,4.3,False
Business,25,10.8,3.6,7.6,3,4.8,False
Business,20,18.7,5.1,7.0,4,6.2,True
Other,19,8.4,2.9,7.9,2,3.1,False
Business,25,10.0,2.7,7.7,2,4.0,False
Communication,25,5.1,3.3,8.4,2,1.5,False
Business,20,3.0,4.3,6.6,1,1.3,False
Economics,26,13.5,5.7,7.1,3,3.8,False
Economics,23,6.5,3.6,6.0,3,3.3,False
Business,19,16.7,1.2,7.6,3,5.7,True
Communication,23,20.2,3.0,6.4,4,8.5,True
